id,name,email,score,date
1,Nalani,nlozano0@jalbum.net,1,12/8/2024
2,Sigmund,swoolpert1@blogspot.com,2,2/14/2027
3,Felizio,fbirwhistle2@w3.org,3,3/21/2026
4,Dorette,djeannon3@loc.gov,4,12/17/2026
5,Sloan,seilers4@ustream.tv,5,7/4/2024
6,Corissa,cmcconnal5@salon.com,6,2/7/2026
7,Binny,bheikkinen6@columbia.edu,7,12/16/2025
8,Heindrick,hlowseley7@uiuc.edu,8,11/28/2026
9,Mei,mstroud8@studiopress.com,9,12/5/2026
10,Rozamond,rtarling9@tripod.com,10,1/20/2025
11,Alexia,adoega@discovery.com,11,4/27/2026
12,Sib,smeadmoreb@alibaba.com,12,5/10/2025
13,Nonie,nepslyc@elegantthemes.com,13,9/8/2024
14,Murial,mwitchallsd@earthlink.net,14,5/28/2026
15,Kirsten,kvasyukhine@wikispaces.com,15,9/27/2025
16,Randi,rgremanef@omniture.com,16,8/14/2025
17,Prinz,pwiggintong@purevolume.com,17,4/16/2025
18,Carline,ccudiffh@telegraph.co.uk,18,6/6/2026
19,Zorine,zhecki@360.cn,19,7/15/2025
20,Arnoldo,aandressj@wunderground.com,20,5/13/2026
21,Esteban,ebrookk@sciencedaily.com,21,10/12/2026
22,Tremaine,tdiruggierol@free.fr,22,9/23/2026
23,Edik,eisackem@purevolume.com,23,4/17/2025
24,Barbie,bwintn@printfriendly.com,24,11/25/2024
25,Bordy,bwharltono@mac.com,25,11/26/2025
26,Gwendolyn,gwroughtonp@ihg.com,26,10/29/2025
27,Ilene,irihaq@bing.com,27,7/11/2025
28,Marlee,mchimesr@multiply.com,28,11/25/2025
29,Wallache,wgarnars@wisc.edu,29,5/4/2026
30,Livy,lsurridget@nbcnews.com,30,10/27/2024
31,Demetria,dgravyu@tinyurl.com,31,1/6/2025
32,Wally,wkubackiv@moonfruit.com,32,6/30/2026
33,Elsworth,ekrugw@rakuten.co.jp,33,10/29/2026
34,Urbanus,usaldlerx@diigo.com,34,8/24/2025
35,Jeremias,jlownsbroughy@ustream.tv,35,7/18/2025
36,Marika,mbalmadierz@princeton.edu,36,4/26/2026
37,Gherardo,gcampkin10@bing.com,37,10/19/2026
38,Tonnie,tmillwall11@alexa.com,38,10/11/2025
39,Minor,mknoble12@jalbum.net,39,7/26/2025
40,Theodora,tbunney13@noaa.gov,40,10/4/2025
41,Hashim,hclewlowe14@washington.edu,41,7/16/2026
42,Therese,tcopcutt15@github.com,42,4/26/2026
43,Laurianne,lgwynne16@ftc.gov,43,4/6/2026
44,Cecilio,cjirousek17@walmart.com,44,2/1/2026
45,Nanine,nhelis18@bbc.co.uk,45,6/13/2025
46,Storm,shousam19@instagram.com,46,4/29/2025
47,Murielle,msiberry1a@joomla.org,47,12/12/2024
48,Frazer,fcoey1b@tripadvisor.com,48,9/20/2026
49,Ware,wbubb1c@adobe.com,49,10/3/2026
50,Barry,bblitzer1d@gizmodo.com,50,8/7/2024
51,Rosaline,rmollene1e@istockphoto.com,51,1/18/2025
52,Jeffy,jrzehorz1f@techcrunch.com,52,8/21/2026
53,Lea,lpocock1g@ca.gov,53,12/16/2025
54,Celeste,cemery1h@amazon.co.uk,54,9/10/2025
55,Ramonda,rblemen1i@printfriendly.com,55,10/3/2026
56,Almira,adugan1j@acquirethisname.com,56,8/17/2025
57,Nealy,nhowler1k@mapquest.com,57,1/15/2027
58,Rolf,rbetton1l@istockphoto.com,58,10/23/2026
59,Joella,jwhal1m@pbs.org,59,12/21/2025
60,Elvin,eguerreau1n@amazon.co.uk,60,11/28/2024
61,Eldridge,ewisby1o@ameblo.jp,61,2/8/2027
62,Joana,jferrelli1p@ucsd.edu,62,7/15/2026
63,Melva,mburril1q@ebay.co.uk,63,9/6/2026
64,Boot,bavramovsky1r@google.com.hk,64,12/6/2025
65,Anatollo,awrassell1s@over-blog.com,65,9/30/2024
66,Adriaens,adevonside1t@freewebs.com,66,1/24/2026
67,Dulcy,dbengall1u@infoseek.co.jp,67,12/28/2026
68,Melina,mdjekovic1v@angelfire.com,68,7/12/2026
69,Kristan,kcroysdale1w@huffingtonpost.com,69,10/1/2024
70,Maighdiln,mmcgarva1x@dion.ne.jp,70,10/6/2026
71,Filmer,ffawcitt1y@salon.com,71,8/22/2026
72,Margaretha,mpirrey1z@soundcloud.com,72,12/28/2024
73,Creight,collivierre20@aboutads.info,73,3/18/2025
74,Rosabella,rfranchi21@scientificamerican.com,74,5/2/2026
75,Alistair,asteane22@google.com.hk,75,3/2/2026
76,Anita,agatrill23@ow.ly,76,3/25/2026
77,Aloysia,abedenham24@opensource.org,77,3/7/2025
78,Rebekkah,rsmaridge25@sbwire.com,78,7/11/2024
79,Morgun,mpatzelt26@ted.com,79,1/23/2025
80,Berty,bcamerello27@taobao.com,80,8/27/2025
81,Garwin,gdowner28@dedecms.com,81,6/6/2025
82,Joellen,jdullard29@timesonline.co.uk,82,8/30/2026
83,Maritsa,mdionisi2a@nymag.com,83,10/4/2025
84,Bendick,bbramhill2b@instagram.com,84,2/10/2027
85,Nikolaos,nchese2c@uol.com.br,85,12/12/2025
86,Wheeler,wrosenzveig2d@parallels.com,86,10/8/2026
87,Sacha,smacmaster2e@a8.net,87,1/24/2026
88,Kellie,kterrill2f@china.com.cn,88,12/18/2024
89,Keriann,kspelman2g@webs.com,89,12/9/2026
90,Ham,hocalleran2h@scribd.com,90,4/10/2025
91,Gilli,gbillion2i@apple.com,91,12/5/2025
92,Russell,relcoat2j@google.ca,92,2/3/2025
93,Carlye,celse2k@chicagotribune.com,93,12/15/2024
94,Hedwig,hprott2l@tuttocitta.it,94,8/30/2026
95,Brose,bburne2m@nydailynews.com,95,1/3/2025
96,Reynolds,rdivell2n@intel.com,96,8/7/2026
97,Joachim,jhannant2o@is.gd,97,11/5/2026
98,Krystal,kege2p@wisc.edu,98,2/7/2025
99,Joeann,jdebeauchemp2q@sitemeter.com,99,9/10/2024
100,Kit,kalcott2r@jalbum.net,100,12/4/2026
101,Hortense,hmullard2s@forbes.com,101,12/8/2026
102,Gregorio,gtuddall2t@indiegogo.com,102,1/11/2025
103,Livy,loxby2u@mapquest.com,103,3/2/2025
104,Hayward,hkenyon2v@privacy.gov.au,104,9/5/2026
105,Britni,byurasov2w@flickr.com,105,7/2/2026
106,Malissia,mbickell2x@mediafire.com,106,9/15/2026
107,Prudence,porhtmann2y@example.com,107,12/8/2025
108,Erminie,emesnard2z@cbslocal.com,108,2/20/2025
109,Sancho,ssimenel30@slideshare.net,109,2/9/2025
110,Rosene,rdanieli31@wikispaces.com,110,1/8/2026
111,Rebeka,rmaslin32@goo.gl,111,4/27/2026
112,Agathe,amaccart33@a8.net,112,11/14/2025
113,Venus,vnott34@usa.gov,113,5/23/2026
114,Domeniga,dimloch35@dedecms.com,114,1/12/2025
115,Rowen,rstrelitz36@about.com,115,11/5/2025
116,Morna,mgoodsell37@mtv.com,116,8/29/2025
117,Lilas,lrunacres38@freewebs.com,117,12/12/2025
118,Netta,nmillhouse39@drupal.org,118,7/14/2026
119,Quintilla,qcasine3a@archive.org,119,7/25/2024
120,Erskine,efolbig3b@gravatar.com,120,10/12/2024
121,Elianore,esiflet3c@geocities.jp,121,11/9/2026
122,Yancey,yshead3d@instagram.com,122,3/9/2025
123,Rosita,rgaggen3e@cyberchimps.com,123,7/4/2026
124,Dagny,ddivers3f@weibo.com,124,9/30/2026
125,Calypso,cpendleberry3g@paypal.com,125,12/10/2024
126,Clem,cickovici3h@dropbox.com,126,1/18/2027
127,Magdalena,mmorgon3i@weather.com,127,4/8/2026
128,Tiertza,thurlston3j@google.de,128,3/9/2026
129,Mitzi,mkyd3k@ted.com,129,6/11/2026
130,Hadlee,hsamuels3l@weibo.com,130,12/7/2025
131,Garvey,gescale3m@wunderground.com,131,1/23/2026
132,Marney,mtubridy3n@linkedin.com,132,4/2/2025
133,Alejandra,achillcot3o@altervista.org,133,11/14/2024
134,Sydelle,sgaroghan3p@issuu.com,134,5/12/2026
135,Rriocard,rpudding3q@networkadvertising.org,135,10/5/2026
136,Alysia,adance3r@dyndns.org,136,7/19/2026
137,Gerome,ggiovanazzi3s@skyrock.com,137,4/27/2026
138,Nessi,nbaurerich3t@netvibes.com,138,9/14/2025
139,Jakie,jmacneilly3u@java.com,139,7/31/2024
140,Lurleen,lwardlaw3v@technorati.com,140,6/30/2026
141,Anabel,aduchenne3w@cafepress.com,141,12/27/2025
142,Wrennie,wupham3x@ezinearticles.com,142,11/9/2025
143,Jenda,jsimnell3y@accuweather.com,143,7/25/2024
144,Morry,mloding3z@jugem.jp,144,12/6/2026
145,Filbert,fmcglew40@over-blog.com,145,1/12/2025
146,Shani,sdarben41@nature.com,146,10/30/2025
147,Sherilyn,shalsall42@eventbrite.com,147,5/27/2025
148,Normie,ncosins43@de.vu,148,7/2/2025
149,Carlyle,cevill44@sakura.ne.jp,149,11/1/2026
150,Stillmann,swadforth45@zdnet.com,150,10/16/2024
151,Corny,csmalridge46@ehow.com,151,8/21/2025
152,Roderich,rrymour47@adobe.com,152,7/20/2026
153,Felice,fmackain48@uol.com.br,153,9/5/2026
154,Alex,agiabuzzi49@histats.com,154,9/17/2024
155,Debi,dgoodwyn4a@zdnet.com,155,6/26/2024
156,Almira,abelch4b@themeforest.net,156,12/9/2025
157,Gilda,gcragoe4c@blogspot.com,157,3/4/2026
158,Godard,gbrake4d@fotki.com,158,5/29/2025
159,Ronnie,rjosuweit4e@google.com.br,159,8/2/2025
160,Taddeusz,tdubose4f@mysql.com,160,2/27/2025
161,Latisha,lkirke4g@a8.net,161,11/6/2026
162,Padriac,pwitty4h@fastcompany.com,162,2/3/2025
163,Mitzi,mchinn4i@dailymotion.com,163,9/17/2024
164,Roseann,rbrunger4j@oakley.com,164,12/4/2024
165,Sibeal,scampey4k@washington.edu,165,10/18/2024
166,Allister,asackes4l@seesaa.net,166,9/6/2024
167,Ingar,icosford4m@t-online.de,167,8/12/2026
168,Cathy,cdannatt4n@dyndns.org,168,12/25/2026
169,Findlay,fleathes4o@marketwatch.com,169,3/19/2025
170,Josefina,jsidery4p@symantec.com,170,10/7/2025
171,Ronica,rgowanlock4q@pagesperso-orange.fr,171,8/24/2024
172,Val,vkirlin4r@apache.org,172,7/24/2026
173,Giselbert,gnannetti4s@zimbio.com,173,2/23/2026
174,Stormie,sdenekamp4t@comcast.net,174,12/2/2026
175,Lillis,lbeddingham4u@tripod.com,175,9/16/2026
176,Rog,rhighnam4v@blogtalkradio.com,176,1/22/2026
177,Pris,pmallabar4w@shop-pro.jp,177,11/5/2026
178,Daniel,dwillard4x@blogtalkradio.com,178,2/6/2026
179,Pennie,pquin4y@pagesperso-orange.fr,179,12/20/2024
180,Kristin,kkrabbe4z@jalbum.net,180,7/15/2026
181,Cassandry,cgallaway50@vimeo.com,181,10/21/2025
182,Elie,ekeller51@lulu.com,182,7/31/2026
183,Tamera,todriscoll52@csmonitor.com,183,3/22/2025
184,Miquela,mhubbold53@ehow.com,184,12/19/2024
185,Regen,rstclair54@ihg.com,185,10/20/2025
186,Norri,ngernier55@un.org,186,8/17/2025
187,Barbara-anne,bwaddicor56@ebay.co.uk,187,8/22/2026
188,Janella,jklasing57@google.co.jp,188,11/13/2026
189,Ealasaid,emottinelli58@google.it,189,6/27/2026
190,Darlene,dbrisseau59@google.ca,190,1/14/2027
191,Juanita,jbraz5a@photobucket.com,191,3/31/2026
192,Tobi,twasielewski5b@mtv.com,192,12/9/2025
193,Pris,psturr5c@tinyurl.com,193,9/26/2025
194,Davine,dmcintosh5d@yale.edu,194,5/23/2025
195,Steffen,sgeany5e@washingtonpost.com,195,1/29/2026
196,Christoffer,cgaucher5f@marketwatch.com,196,9/17/2025
197,Levon,lsollars5g@ihg.com,197,11/8/2026
198,Norry,nturbern5h@themeforest.net,198,7/13/2024
199,Bernhard,bmelliard5i@opensource.org,199,1/30/2026
200,Reggi,roglethorpe5j@chronoengine.com,200,11/24/2026
201,Shay,swhyler5k@globo.com,201,9/25/2025
202,Arvie,ajackett5l@stanford.edu,202,10/9/2024
203,Wilmar,wpimme5m@shareasale.com,203,12/7/2024
204,Gwennie,gkrauze5n@examiner.com,204,10/14/2024
205,Bobine,bbourgeois5o@gizmodo.com,205,5/7/2026
206,Vincenty,vbellham5p@google.com,206,12/22/2024
207,Barny,bemmot5q@spotify.com,207,8/15/2025
208,Row,rbatram5r@tiny.cc,208,5/2/2026
209,Nicolle,nnorrey5s@statcounter.com,209,8/7/2026
210,Aluino,apannett5t@kickstarter.com,210,11/1/2026
211,Anallise,aebdon5u@histats.com,211,12/21/2025
212,Ruperta,rmcparlin5v@networksolutions.com,212,7/14/2026
213,Valli,vunsworth5w@mit.edu,213,11/16/2024
214,Bary,bmutton5x@tmall.com,214,2/12/2026
215,Roderich,rgierck5y@fema.gov,215,7/17/2024
216,Conny,cpuddicombe5z@google.com.hk,216,8/31/2024
217,Archibald,atatlowe60@webeden.co.uk,217,2/1/2027
218,Grete,ggircke61@indiegogo.com,218,11/4/2024
219,Monique,mroffe62@ustream.tv,219,2/23/2025
220,Ariadne,ahumes63@newsvine.com,220,4/5/2025
221,Thatch,tmachoste64@gmpg.org,221,10/12/2026
222,Georgeanna,gbrewitt65@aol.com,222,8/14/2024
223,Oliy,oshimoni66@unicef.org,223,5/29/2025
224,Tobias,tmarley67@cdbaby.com,224,11/18/2026
225,Donovan,dbarde68@jiathis.com,225,5/4/2026
226,Frieda,fneissen69@tripod.com,226,2/21/2027
227,Starlin,sclubley6a@domainmarket.com,227,4/6/2025
228,Daron,driddington6b@quantcast.com,228,2/26/2026
229,Dion,dwither6c@ebay.com,229,9/10/2026
230,Gerianne,gcarress6d@miibeian.gov.cn,230,11/27/2026
231,Corette,ctrevett6e@harvard.edu,231,2/2/2027
232,Holden,hloyley6f@cbsnews.com,232,11/24/2025
233,Phil,pshadwick6g@icio.us,233,12/25/2024
234,Jacky,jmcauley6h@godaddy.com,234,11/3/2025
235,Mallissa,mmansour6i@seesaa.net,235,2/13/2025
236,Christophe,ccabena6j@virginia.edu,236,2/26/2027
237,Cristy,ctwaits6k@about.me,237,10/31/2025
238,Evangelia,ekupisz6l@home.pl,238,8/11/2025
239,Kingston,kmagwood6m@eventbrite.com,239,1/24/2026
240,Shirley,scattermole6n@typepad.com,240,9/14/2026
241,Dall,dmorecombe6o@google.pl,241,4/22/2025
242,Izaak,itylor6p@list-manage.com,242,4/29/2025
243,Holmes,hmuldownie6q@myspace.com,243,1/7/2026
244,Roby,rmannooch6r@lycos.com,244,4/20/2026
245,Danny,dgonzalo6s@washingtonpost.com,245,10/13/2025
246,Fifine,fwoolpert6t@aol.com,246,10/15/2025
247,Lazaro,lofford6u@time.com,247,6/25/2025
248,Flora,fryce6v@wufoo.com,248,9/24/2026
249,Janice,jruxton6w@microsoft.com,249,5/26/2025
250,Cleopatra,cjamison6x@dedecms.com,250,4/4/2025
251,Ardeen,aslinn6y@csmonitor.com,251,6/29/2024
252,Marlyn,mdeeson6z@tinyurl.com,252,3/3/2026
253,Barnabas,bgrimwad70@salon.com,253,10/3/2025
254,Cecil,cfreebury71@ow.ly,254,4/8/2025
255,Zsa zsa,ztamburi72@wikispaces.com,255,8/24/2025
256,Denny,ddiaper73@epa.gov,256,4/9/2025
257,Homerus,hhuebner74@sakura.ne.jp,257,9/30/2026
258,Danie,dhaet75@loc.gov,258,12/1/2025
259,Elladine,equoit76@who.int,259,9/1/2025
260,Georgiana,gcraigmyle77@illinois.edu,260,1/28/2027
261,Derrek,dglitherow78@reference.com,261,6/19/2025
262,Nevsa,nmoakler79@intel.com,262,1/29/2027
263,Denis,dcovotti7a@cnn.com,263,5/9/2026
264,Averell,aworters7b@reuters.com,264,5/5/2025
265,Mendel,mgoodsell7c@senate.gov,265,11/20/2025
266,Adolf,abrotherhed7d@de.vu,266,11/18/2025
267,Dame,dskiplorne7e@dailymotion.com,267,10/14/2026
268,Rickey,ratwell7f@home.pl,268,7/11/2024
269,Lottie,lsent7g@goo.ne.jp,269,10/28/2024
270,Pearce,pledwith7h@zdnet.com,270,5/16/2025
271,Bradan,bgutierrez7i@nps.gov,271,1/8/2026
272,Reuben,rtubbles7j@hc360.com,272,10/14/2026
273,Rosemarie,rjanton7k@blog.com,273,5/25/2025
274,Lyndy,lroyan7l@newsvine.com,274,5/29/2026
275,Burk,bmayzes7m@icio.us,275,5/16/2025
276,Leese,ldoble7n@123-reg.co.uk,276,10/28/2024
277,Sissie,sluesley7o@wired.com,277,2/25/2025
278,Adore,aharbin7p@sbwire.com,278,2/6/2026
279,Henka,halans7q@fda.gov,279,1/24/2026
280,Tiertza,tforsard7r@usatoday.com,280,10/19/2024
281,Paulie,pescalante7s@alexa.com,281,5/20/2026
282,Eddi,esimmins7t@skyrock.com,282,11/27/2024
283,Donavon,dcondon7u@ning.com,283,8/10/2026
284,Maitilde,mfairbourne7v@slashdot.org,284,10/3/2024
285,Milissent,mkinneally7w@theatlantic.com,285,5/3/2026
286,Carlyn,cbelverstone7x@ifeng.com,286,7/12/2025
287,Mathe,mrudgerd7y@paypal.com,287,9/10/2025
288,Mella,mpratte7z@ox.ac.uk,288,1/4/2025
289,Alyson,abancroft80@privacy.gov.au,289,9/2/2026
290,Mohammed,mdumingo81@qq.com,290,2/1/2026
291,Roldan,rmadgett82@nasa.gov,291,12/19/2026
292,Miquela,mshuttlewood83@squidoo.com,292,12/9/2025
293,Wilmer,wgreggor84@boston.com,293,8/31/2024
294,Kris,kpreto85@godaddy.com,294,10/16/2025
295,Johanna,jgoadbie86@seattletimes.com,295,9/7/2024
296,Theresina,tcranstone87@about.com,296,9/1/2024
297,Dougy,dzuenelli88@vinaora.com,297,8/27/2026
298,Ransom,rsavery89@cyberchimps.com,298,7/4/2025
299,Alexandro,anertney8a@exblog.jp,299,9/8/2025
300,Aron,awindram8b@bandcamp.com,300,7/30/2026
301,Audy,awrightem8c@wufoo.com,301,11/2/2024
302,Barton,bvonhagt8d@elegantthemes.com,302,1/21/2025
303,Cordey,cstorck8e@liveinternet.ru,303,12/16/2025
304,Liv,ladame8f@disqus.com,304,4/11/2025
305,Audrie,alinkleter8g@mozilla.org,305,2/27/2027
306,Kirby,kpigden8h@canalblog.com,306,7/5/2024
307,Griffith,gtorbard8i@sphinn.com,307,5/2/2026
308,Regina,rgibbings8j@360.cn,308,9/17/2026
309,Cobby,cedelman8k@house.gov,309,9/1/2026
310,Lusa,lgeorgeon8l@eventbrite.com,310,1/17/2025
311,Paulie,pbartholomaus8m@scribd.com,311,9/28/2025
312,Diane-marie,djeanenet8n@simplemachines.org,312,10/29/2025
313,Normy,nwadley8o@walmart.com,313,11/11/2025
314,Fredelia,fmcgeagh8p@ucla.edu,314,12/26/2024
315,Wilbur,wearles8q@whitehouse.gov,315,4/3/2026
316,Miranda,mhynes8r@flavors.me,316,8/28/2024
317,Glenna,gperkis8s@springer.com,317,12/31/2024
318,Rice,rbatting8t@newsvine.com,318,9/23/2025
319,Maggy,mtithacott8u@oakley.com,319,8/2/2025
320,Milka,mblackett8v@ustream.tv,320,1/1/2026
321,Walden,wpelchat8w@discuz.net,321,1/6/2026
322,Jeremias,jmaharey8x@chronoengine.com,322,11/18/2024
323,Dunc,dleist8y@soup.io,323,10/16/2025
324,Martie,mcalleja8z@scientificamerican.com,324,10/20/2024
325,Lilah,lhaggus90@histats.com,325,9/26/2026
326,Cherlyn,cbottrell91@mapy.cz,326,5/7/2025
327,Connor,cwigelsworth92@taobao.com,327,12/27/2025
328,Hardy,hbeard93@answers.com,328,12/7/2025
329,Tally,tgeorge94@gnu.org,329,6/27/2024
330,Antone,aguerrier95@123-reg.co.uk,330,6/22/2026
331,Floris,fastie96@bloglines.com,331,1/9/2027
332,Sandor,sbyron97@timesonline.co.uk,332,12/9/2026
333,Kippar,kharley98@nydailynews.com,333,1/14/2027
334,Veda,vcalow99@newsvine.com,334,12/10/2024
335,Tatiania,tbrunroth9a@kickstarter.com,335,10/28/2026
336,Alana,anoseworthy9b@alexa.com,336,6/2/2025
337,Gabriel,gbuttfield9c@is.gd,337,8/7/2026
338,Rosella,rsired9d@elpais.com,338,5/2/2025
339,Eydie,elivzey9e@google.es,339,1/17/2025
340,Nariko,ndepport9f@uiuc.edu,340,6/7/2025
341,Glen,gneeds9g@globo.com,341,4/27/2025
342,Philomena,pbarens9h@umich.edu,342,7/7/2025
343,Kleon,kpetrillo9i@skyrock.com,343,5/24/2025
344,Hurlee,hocrevy9j@free.fr,344,8/28/2026
345,Georg,gharkins9k@cdc.gov,345,6/22/2025
346,Delila,doldham9l@exblog.jp,346,6/13/2026
347,Raphael,rforber9m@yelp.com,347,3/8/2026
348,Denny,dstoaks9n@opensource.org,348,2/6/2025
349,Hedwig,hbaillie9o@cyberchimps.com,349,11/3/2025
350,Aldo,alaudham9p@myspace.com,350,11/18/2024
351,Igor,ipaddock9q@360.cn,351,2/22/2025
352,Lionello,lscouse9r@vkontakte.ru,352,6/8/2025
353,Benedetta,bsignorelli9s@hc360.com,353,5/14/2025
354,Adella,aclace9t@live.com,354,12/3/2024
355,Babb,bwensley9u@twitpic.com,355,2/23/2027
356,Ogden,omacquist9v@cam.ac.uk,356,2/10/2026
357,Haily,hpindell9w@kickstarter.com,357,10/15/2024
358,Barnett,bgerg9x@163.com,358,8/4/2025
359,Hayden,hhadenton9y@fda.gov,359,8/4/2024
360,Godfree,gclarabut9z@springer.com,360,2/6/2026
361,Daisey,dtwydella0@reverbnation.com,361,12/16/2025
362,Bradan,bmurisa1@newyorker.com,362,1/9/2027
363,Mariam,mfagencea2@tinypic.com,363,4/25/2025
364,Caitlin,claughlana3@creativecommons.org,364,12/16/2025
365,Rosaline,rkleinhauta4@topsy.com,365,4/28/2025
366,Ashlin,aluncka5@over-blog.com,366,12/17/2025
367,Annabell,acarlowa6@tamu.edu,367,8/13/2025
368,Tatiania,tjansika7@t-online.de,368,2/22/2026
369,Shelagh,sdallmana8@nydailynews.com,369,2/28/2025
370,Delano,dlendona9@howstuffworks.com,370,12/15/2026
371,Missie,mguiduzziaa@xing.com,371,8/6/2024
372,Arline,ahovertab@vk.com,372,8/17/2024
373,Jefferson,jaggissac@linkedin.com,373,3/18/2026
374,Hogan,hbirrellad@techcrunch.com,374,8/24/2025
375,Kaitlynn,ktiftae@csmonitor.com,375,9/24/2024
376,Marga,mbutterwickaf@phoca.cz,376,6/12/2026
377,Maible,mtindleyag@cisco.com,377,4/6/2026
378,Wade,wwhellamsah@hostgator.com,378,1/31/2026
379,Fiann,ffarrearai@ibm.com,379,5/28/2025
380,Robbi,rbaseraj@yahoo.com,380,4/23/2025
381,Zachary,zrissomak@flickr.com,381,11/7/2025
382,Doretta,dandinoal@bravesites.com,382,11/18/2025
383,Luke,lvonweldenam@walmart.com,383,12/7/2026
384,Bettye,bbeneditan@ucoz.com,384,4/28/2026
385,Udell,ustockellao@spiegel.de,385,5/24/2026
386,Lind,lpattrickap@shareasale.com,386,2/28/2026
387,Duffie,dloughanaq@businessinsider.com,387,8/16/2025
388,Ciel,csparkear@ucoz.ru,388,9/28/2025
389,Miner,mclampeas@woothemes.com,389,7/7/2025
390,Neron,niaduccelliat@surveymonkey.com,390,1/23/2026
391,Hans,hblanchardau@sphinn.com,391,10/14/2026
392,Rutherford,rhamelav@discovery.com,392,9/8/2026
393,Cindelyn,ckopmanaw@ustream.tv,393,10/31/2025
394,Pris,phalahanax@vistaprint.com,394,7/16/2025
395,Goldia,gdallawayay@360.cn,395,9/10/2024
396,Giulia,gkettlesaz@state.gov,396,3/2/2025
397,Sallie,sjeayesb0@bluehost.com,397,10/29/2024
398,Maynard,msnipeb1@bloglovin.com,398,5/13/2026
399,Ina,iorridgeb2@upenn.edu,399,12/2/2025
400,Jules,jlightmanb3@cornell.edu,400,10/24/2024
401,Kerwinn,kstannerb4@umich.edu,401,10/19/2026
402,Ephrayim,egrandhamb5@google.co.uk,402,12/26/2025
403,Giuseppe,gordemannb6@csmonitor.com,403,7/5/2026
404,Rhianon,rcrossfieldb7@house.gov,404,8/28/2024
405,Verine,vgrumellb8@newyorker.com,405,8/21/2025
406,Marnia,mfairecloughb9@macromedia.com,406,3/24/2025
407,Chaunce,clambshineba@weibo.com,407,9/10/2024
408,Marijo,mayersbb@npr.org,408,4/13/2025
409,Ned,nadaminibc@dion.ne.jp,409,11/11/2024
410,Leonerd,llegierbd@amazonaws.com,410,9/13/2025
411,Lorilee,lmignotbe@myspace.com,411,12/28/2026
412,Nicky,njacquemardbf@tuttocitta.it,412,5/11/2025
413,Gan,gfoortbg@drupal.org,413,11/1/2024
414,Lay,lkrugbh@yellowpages.com,414,11/1/2024
415,Danice,dwicksonbi@nifty.com,415,2/6/2027
416,Babbie,bpfliegerbj@bluehost.com,416,12/6/2025
417,Laure,ldillistonebk@wp.com,417,7/10/2024
418,Idell,iduplainbl@1und1.de,418,10/14/2025
419,Karena,kscanterburybm@patch.com,419,9/12/2025
420,Sibyl,sblagburnbn@google.pl,420,9/9/2026
421,Andree,ashayesbo@geocities.jp,421,11/18/2024
422,Edik,ebarsonbp@hibu.com,422,3/4/2025
423,Corney,cfookesbq@admin.ch,423,7/27/2026
424,Anissa,ashacklebr@mtv.com,424,4/11/2025
425,Mikael,mwonhambs@freewebs.com,425,1/28/2027
426,Patrice,pprincebt@godaddy.com,426,9/24/2025
427,Harley,hpritchettbu@macromedia.com,427,7/2/2025
428,Britni,bmayoubv@multiply.com,428,11/20/2026
429,Lorrie,lcoulthardbw@microsoft.com,429,8/11/2024
430,Angela,asawbridgebx@wired.com,430,12/4/2025
431,Delores,dtateby@disqus.com,431,12/1/2024
432,Donnamarie,dadamskybz@examiner.com,432,2/22/2027
433,Sid,scranstonc0@yellowbook.com,433,5/9/2026
434,Marje,mkeyesc1@shareasale.com,434,4/4/2026
435,Leora,lprobyc2@netscape.com,435,12/24/2026
436,Carroll,cfarleighc3@wordpress.org,436,3/24/2026
437,Betsey,blicciardielloc4@japanpost.jp,437,9/25/2024
438,Vilma,vdevaneyc5@pen.io,438,7/16/2026
439,Inger,isaingc6@oaic.gov.au,439,10/31/2024
440,Lisette,lbrookzc7@meetup.com,440,12/23/2025
441,Carole,cgiorgettic8@wix.com,441,10/15/2024
442,Abbie,agutteridgec9@cloudflare.com,442,4/24/2025
443,Ennis,esmothca@so-net.ne.jp,443,3/28/2025
444,Scot,sfranciottoicb@hc360.com,444,7/9/2025
445,Wynny,wrannellscc@imgur.com,445,10/14/2024
446,Essa,ebinglecd@aboutads.info,446,8/14/2024
447,Luke,lsackeyce@youtube.com,447,6/24/2024
448,Ozzie,ospencleycf@wikispaces.com,448,5/1/2025
449,Calv,cturrellcg@youtube.com,449,6/16/2025
450,Pauly,pkeymerch@thetimes.co.uk,450,1/25/2027
451,Carmen,ckullerci@usa.gov,451,8/10/2025
452,Bernelle,blumberscj@gmpg.org,452,12/21/2024
453,Thaine,tspencersck@w3.org,453,9/5/2024
454,Cthrine,cdenkincl@foxnews.com,454,2/4/2026
455,Kingston,kcobbledcm@sitemeter.com,455,8/13/2024
456,Yettie,ywilshirecn@fc2.com,456,8/21/2026
457,Annora,amilbyco@java.com,457,7/14/2026
458,Jayme,jskallscp@seattletimes.com,458,12/12/2024
459,Lorine,lgarratcq@webeden.co.uk,459,1/10/2027
460,Sheffie,salvescr@toplist.cz,460,9/25/2024
461,Effie,ecastanecs@patch.com,461,10/17/2024
462,Jorey,jgladdingct@amazon.de,462,5/12/2026
463,Claudia,chinchshawcu@cam.ac.uk,463,1/1/2025
464,Helenka,hpolyecv@omniture.com,464,12/19/2025
465,Hazlett,hbedbroughcw@sakura.ne.jp,465,3/10/2025
466,Phillis,psarllcx@shinystat.com,466,2/10/2025
467,Worthy,wmellerscy@cdbaby.com,467,8/1/2025
468,Faunie,fschleichercz@wikispaces.com,468,7/11/2025
469,Rod,rmarriond0@wikipedia.org,469,1/6/2026
470,Valentine,vnajarad1@google.fr,470,11/9/2026
471,Ardene,ahoustond2@myspace.com,471,7/6/2026
472,Edmund,ejerrimd3@cocolog-nifty.com,472,9/12/2026
473,Daphna,dbarrsd4@berkeley.edu,473,4/2/2025
474,Ysabel,yrusted5@pbs.org,474,8/26/2025
475,Maurie,mheskinsd6@wp.com,475,2/10/2027
476,Trenna,tgaberd7@marketwatch.com,476,11/15/2026
477,Cordie,csymmersd8@domainmarket.com,477,10/3/2025
478,Ferguson,fkordasd9@liveinternet.ru,478,6/26/2026
479,Rasia,rcamdenda@shop-pro.jp,479,11/14/2024
480,Rochell,rrobjentsdb@soup.io,480,2/22/2026
481,Alyson,arispindc@opera.com,481,3/25/2026
482,Padraig,pdearnalydd@trellian.com,482,4/23/2025
483,Joshuah,jsnarttde@boston.com,483,8/26/2026
484,Mar,mpattleldf@blinklist.com,484,3/8/2025
485,Bone,balesiodg@clickbank.net,485,10/9/2024
486,Leodora,lschollickdh@wunderground.com,486,2/2/2027
487,Gwendolen,gdonkersleydi@buzzfeed.com,487,6/6/2026
488,Louisette,lmievilledj@army.mil,488,12/2/2024
489,Augusto,aopdenortdk@senate.gov,489,12/23/2024
490,Stephani,sveryandl@wikispaces.com,490,9/26/2026
491,Reggie,rmarendm@dyndns.org,491,8/24/2026
492,Tomkin,tohannaydn@mozilla.org,492,7/14/2024
493,Deborah,dheckdo@domainmarket.com,493,7/21/2024
494,Shandee,sworssamdp@studiopress.com,494,9/25/2026
495,Don,dlowingdq@arstechnica.com,495,5/2/2025
496,Kittie,kledsterdr@phpbb.com,496,9/3/2026
497,Roma,rdegiovannids@google.ca,497,5/31/2026
498,Agnese,aszreterdt@hhs.gov,498,10/24/2024
499,Reynard,rjanoutdu@feedburner.com,499,6/10/2026
500,Marianna,mhonischdv@sina.com.cn,500,1/14/2025
501,Brena,bkeedw@digg.com,501,3/2/2026
502,Betsy,bmcdarmiddx@time.com,502,12/7/2024
503,Aylmer,aruncimandy@cnet.com,503,4/18/2025
504,Marylin,mberstondz@gov.uk,504,10/26/2025
505,Franz,foberte0@ovh.net,505,7/30/2024
506,Etty,echampkinse1@cyberchimps.com,506,2/27/2025
507,Krissie,kengalle2@apple.com,507,6/26/2024
508,Amory,aglenfielde3@odnoklassniki.ru,508,9/27/2026
509,Isabel,imaffinie4@reuters.com,509,11/7/2025
510,Gar,gbambrae5@ihg.com,510,4/27/2025
511,Marin,mkyde6@t-online.de,511,11/30/2024
512,Dynah,ddobbinge7@kickstarter.com,512,12/4/2025
513,Glad,glonglande8@huffingtonpost.com,513,6/5/2025
514,Blinnie,bchasene9@mtv.com,514,6/17/2026
515,Tresa,tfayterea@usgs.gov,515,7/18/2024
516,Leonard,lsudraneb@123-reg.co.uk,516,7/27/2025
517,Fax,fdugmoreec@netscape.com,517,2/10/2025
518,Pieter,pcowened@msn.com,518,4/2/2025
519,Dane,dweallee@aol.com,519,1/15/2027
520,Aguistin,acuruclisef@un.org,520,12/17/2024
521,Renelle,rmilsteadeg@wufoo.com,521,1/24/2027
522,Onfre,ohalsoneh@patch.com,522,2/28/2025
523,Adolphe,aeberzei@wp.com,523,2/12/2025
524,Jessey,jedinboroughej@istockphoto.com,524,11/12/2024
525,Phillipe,pbrandrethek@dion.ne.jp,525,2/23/2026
526,Casar,cambrozel@msu.edu,526,11/6/2024
527,Hyacinth,hstonbridgeem@printfriendly.com,527,6/14/2025
528,Barney,baskenen@booking.com,528,9/16/2024
529,Dwight,dkendalleo@alexa.com,529,7/20/2026
530,Gussie,gscattergoodep@chronoengine.com,530,6/24/2025
531,Adlai,amuneelyeq@cam.ac.uk,531,7/24/2024
532,Corrie,csolanoer@lulu.com,532,2/21/2027
533,Stanford,spitchfordes@globo.com,533,9/12/2026
534,Ulrich,usylvaineet@google.fr,534,3/19/2026
535,Isidor,icrightoneu@constantcontact.com,535,12/21/2026
536,Gloria,gmottershawev@globo.com,536,7/30/2024
537,Gare,gsilvermanew@moonfruit.com,537,7/21/2025
538,Mei,mrasorex@google.com.hk,538,10/31/2025
539,Rudy,rservantey@oaic.gov.au,539,12/27/2024
540,Dawn,dfaulconerez@utexas.edu,540,3/13/2026
541,Jennee,jpehrssonf0@twitter.com,541,7/6/2025
542,Suzie,sdacombef1@friendfeed.com,542,3/10/2025
543,Yankee,ydykasf2@auda.org.au,543,10/30/2024
544,Benito,bmalbonf3@washingtonpost.com,544,11/9/2025
545,Justina,jdabbotdoylef4@bing.com,545,3/13/2026
546,Vittoria,vdockseyf5@berkeley.edu,546,10/26/2025
547,Meaghan,mbockettf6@craigslist.org,547,6/20/2026
548,Tomas,tfowlerf7@narod.ru,548,11/17/2024
549,Sumner,sriguardf8@phpbb.com,549,10/10/2025
550,Karlis,ksquibef9@com.com,550,1/30/2026
551,Neall,nbuxsyfa@reference.com,551,1/30/2025
552,Elita,edorosariofb@tinyurl.com,552,7/8/2025
553,Gregorio,gtenantfc@wikispaces.com,553,3/2/2025
554,Taylor,tcorriganfd@buzzfeed.com,554,1/7/2026
555,Adrianne,agoldwaterfe@springer.com,555,5/23/2026
556,Linell,lhalsonff@storify.com,556,8/4/2024
557,Rance,rbyartfg@google.de,557,12/25/2024
558,Geraldine,glynaghfh@xinhuanet.com,558,2/8/2025
559,Maurise,mmoseyfi@wix.com,559,8/2/2025
560,Gregoire,gcouthardfj@comsenz.com,560,2/26/2025
561,Weber,wcrostonfk@nsw.gov.au,561,9/24/2025
562,Shannon,sjakubovskyfl@irs.gov,562,7/15/2025
563,Maison,mlampsfm@amazon.co.uk,563,6/9/2026
564,Mercedes,mmcgrawfn@ucoz.ru,564,10/10/2025
565,Merralee,mpollettfo@webs.com,565,9/28/2024
566,Gwendolin,gspencerfp@canalblog.com,566,5/17/2025
567,Rosy,rdobrovolnyfq@fotki.com,567,7/24/2025
568,Jeri,jsouthertonfr@whitehouse.gov,568,10/12/2024
569,Lilias,lhuntefs@prnewswire.com,569,12/9/2024
570,Tudor,tleipoldtft@jugem.jp,570,11/18/2024
571,Pen,pbuncherfu@psu.edu,571,3/29/2026
572,Marillin,myukhninfv@deliciousdays.com,572,1/9/2027
573,Marjie,mhassettfw@oaic.gov.au,573,3/7/2026
574,Monte,mcurtissfx@intel.com,574,10/24/2026
575,Amabelle,acarleyfy@ehow.com,575,12/24/2025
576,Krissie,kgerrensfz@godaddy.com,576,12/13/2025
577,Helli,hjanjusevicg0@tripadvisor.com,577,12/2/2025
578,Rodney,rimmingsg1@bandcamp.com,578,5/11/2025
579,Olia,obenyang2@rediff.com,579,12/28/2026
580,Thadeus,tvauneg3@army.mil,580,8/28/2026
581,Tuesday,tnewvellg4@wikimedia.org,581,1/12/2026
582,Mitzi,mbailg5@google.ru,582,2/22/2026
583,Belicia,bpenwellg6@about.com,583,12/2/2025
584,Kienan,kottiwillg7@privacy.gov.au,584,2/1/2027
585,Loni,lfeasterg8@seattletimes.com,585,10/23/2026
586,Colver,cperchg9@illinois.edu,586,5/18/2026
587,Petey,pposkittga@usgs.gov,587,11/11/2026
588,Arden,aeilergb@mail.ru,588,8/2/2025
589,Tarra,tstychgc@spotify.com,589,10/8/2026
590,Ede,estokeygd@acquirethisname.com,590,9/10/2026
591,Blanca,blambirdge@oakley.com,591,2/16/2025
592,Evered,edowthwaitegf@archive.org,592,10/21/2024
593,Giraud,ggoodmangg@ezinearticles.com,593,7/15/2025
594,Demetris,drikardgh@yahoo.co.jp,594,7/20/2024
595,Blaine,bteschegi@alexa.com,595,10/18/2026
596,Dulcine,dkowalgj@slideshare.net,596,3/19/2026
597,Sheela,sabrahamsongk@wisc.edu,597,5/10/2025
598,Stan,scraigggl@cornell.edu,598,8/18/2026
599,Silvia,sweondgm@adobe.com,599,6/16/2026
600,Winny,wpeceygn@yandex.ru,600,8/11/2025
601,Angil,agettonego@skyrock.com,601,3/2/2026
602,Cari,cfronczakgp@exblog.jp,602,3/28/2026
603,Erny,elandreangq@cbc.ca,603,9/24/2026
604,Jarred,jsudddardgr@vinaora.com,604,11/11/2026
605,Wilie,wbirkinshawgs@jimdo.com,605,4/3/2026
606,Fedora,fhearstgt@nationalgeographic.com,606,7/7/2024
607,Ekaterina,ehinemoorgu@imageshack.us,607,1/29/2025
608,Roberto,rheadgv@wikispaces.com,608,7/12/2025
609,Pascal,pfrowdegw@usda.gov,609,7/29/2026
610,Wait,wbistergx@vk.com,610,1/6/2025
611,Fax,fdurstongy@ucsd.edu,611,12/31/2024
612,Aubrette,apettigz@indiegogo.com,612,12/25/2025
613,Padget,pgallicoh0@google.com,613,10/1/2026
614,Keelia,koscanlanh1@ucoz.com,614,2/7/2026
615,Raymund,rcracieh2@msn.com,615,9/12/2025
616,Clari,cderrickh3@prweb.com,616,1/28/2025
617,Sabine,scasebourneh4@zdnet.com,617,9/8/2025
618,Valma,vmuneelyh5@oracle.com,618,2/4/2027
619,Sabina,smagowanh6@multiply.com,619,4/15/2025
620,Shannen,saneleyh7@reverbnation.com,620,8/26/2026
621,Christopher,cdaunceyh8@oaic.gov.au,621,8/18/2025
622,Jacob,jscardifeildh9@vinaora.com,622,9/7/2026
623,Cristobal,cburkertha@nhs.uk,623,10/4/2024
624,Thibaut,tgeerlinghb@oracle.com,624,10/4/2025
625,Dniren,dmartthc@rediff.com,625,3/15/2026
626,Leesa,lotsonhd@harvard.edu,626,7/31/2025
627,Mair,mhighmanhe@deviantart.com,627,1/25/2027
628,Christi,cloxdalehf@mayoclinic.com,628,9/8/2026
629,Reed,rnorvalhg@jiathis.com,629,9/19/2026
630,Royall,romurtaghhh@hp.com,630,12/25/2026
631,Andrei,astiegarhi@example.com,631,8/9/2025
632,Bennie,bleebhj@chron.com,632,5/2/2025
633,Iorgo,ibothbiehk@amazonaws.com,633,12/17/2024
634,Idalina,ifurmstonhl@seesaa.net,634,8/12/2025
635,Ozzie,ocrunkhurnhm@hp.com,635,1/25/2025
636,Haven,homullallyhn@abc.net.au,636,9/2/2024
637,Eran,emethho@harvard.edu,637,10/31/2026
638,Hubert,hfloriohp@mediafire.com,638,7/12/2025
639,Sutherlan,spundhq@jigsy.com,639,9/2/2025
640,Granthem,gdoakhr@wunderground.com,640,9/23/2026
641,Sharai,slowrehs@howstuffworks.com,641,1/19/2026
642,Jeri,jconibeerht@instagram.com,642,9/10/2026
643,Phyllida,ppinnerehu@artisteer.com,643,12/26/2025
644,Madella,mbimshv@lycos.com,644,2/25/2025
645,Robinett,rschiesterlhw@purevolume.com,645,11/30/2026
646,Tessie,tbauducciohx@disqus.com,646,6/28/2024
647,Allister,amcpheehy@google.fr,647,8/21/2024
648,Joshuah,jgailorhz@bing.com,648,2/23/2026
649,Ashby,agerardi0@upenn.edu,649,7/23/2026
650,Yoshi,yalasdairi1@jimdo.com,650,7/3/2025
651,Kirstin,kbroadbenti2@vimeo.com,651,8/27/2026
652,Sarajane,ssavagei3@dailymail.co.uk,652,9/5/2026
653,Kit,kkibbyi4@tiny.cc,653,9/6/2026
654,Alyda,adeclercqi5@reverbnation.com,654,8/20/2024
655,Thelma,tmacclayi6@cyberchimps.com,655,7/29/2025
656,Gerta,gcrillyi7@uiuc.edu,656,1/26/2025
657,Victoir,vafonsoi8@addtoany.com,657,10/26/2024
658,Brandais,bnultyi9@eventbrite.com,658,2/14/2026
659,Dael,dcastiblancoia@cafepress.com,659,1/16/2026
660,Allyce,ajesseib@answers.com,660,2/15/2027
661,Netty,nbowderyic@yahoo.co.jp,661,10/26/2025
662,Georges,ggrabbamid@addtoany.com,662,10/18/2024
663,Roberta,rscrivinie@prlog.org,663,2/22/2026
664,Margit,maleixoif@addthis.com,664,4/2/2026
665,Lothaire,lseakinig@jugem.jp,665,7/17/2025
666,Ian,idallanderih@ocn.ne.jp,666,4/27/2026
667,Merry,mrosengartii@sohu.com,667,7/20/2024
668,Waverly,wszapiroij@bloglovin.com,668,7/19/2025
669,Dory,dfrielik@163.com,669,10/2/2024
670,Neely,npuddleil@tumblr.com,670,10/30/2025
671,Sibbie,scaldicottim@yolasite.com,671,10/13/2025
672,Madelina,mcantrillin@over-blog.com,672,7/10/2025
673,Herman,hdodshonio@cam.ac.uk,673,12/8/2024
674,Mahala,mjodrelleip@state.gov,674,8/25/2026
675,Rab,rlevesqueiq@pbs.org,675,4/30/2025
676,Giovanni,gchansonnauir@delicious.com,676,3/23/2025
677,Lazare,ljanakis@infoseek.co.jp,677,2/11/2027
678,Rodie,rkiddyit@gmpg.org,678,11/11/2025
679,Alexandra,agaleaiu@nhs.uk,679,11/8/2026
680,Orville,omckinieiv@columbia.edu,680,9/8/2025
681,Bil,bvorleyiw@dmoz.org,681,7/8/2024
682,Gordy,gfearnsideix@zdnet.com,682,4/19/2026
683,Catha,cbooteiy@cafepress.com,683,2/16/2027
684,Milka,msauntoniz@quantcast.com,684,11/29/2026
685,Moyna,msaintsburyj0@deliciousdays.com,685,7/30/2024
686,Oona,oduddingj1@vinaora.com,686,5/16/2026
687,Zarla,zdowreyj2@ezinearticles.com,687,9/4/2025
688,Marlene,mblenkensopj3@admin.ch,688,9/12/2026
689,Nickie,nphilpinj4@comsenz.com,689,7/2/2024
690,Tore,tegletonj5@cam.ac.uk,690,2/16/2025
691,Stephannie,sswaffordj6@newyorker.com,691,12/31/2024
692,Rocky,ryaxleyj7@twitter.com,692,11/16/2024
693,Spike,swaplintonj8@skyrock.com,693,10/6/2024
694,Hallie,hbarocj9@cdc.gov,694,5/15/2025
695,Normand,nlockja@domainmarket.com,695,8/17/2025
696,Merrie,mwaggattjb@google.com.hk,696,1/3/2025
697,Belle,bgogartyjc@bigcartel.com,697,1/1/2027
698,Fernande,fcornejojd@weebly.com,698,2/8/2026
699,Mano,mkensleyje@slate.com,699,11/14/2024
700,Indira,icadaganjf@wikia.com,700,1/8/2025
701,Haywood,hmooganjg@uol.com.br,701,10/27/2024
702,Drucy,dfilisovjh@goo.ne.jp,702,8/30/2026
703,Leanora,lspollenji@comsenz.com,703,1/22/2027
704,Dag,dkleeweinjj@devhub.com,704,8/11/2025
705,Ninon,ntedorenkojk@dailymail.co.uk,705,8/23/2025
706,Jilli,jgebhardjl@auda.org.au,706,1/8/2025
707,Karissa,kbrightwelljm@webmd.com,707,9/18/2025
708,Zak,zjacquotjn@list-manage.com,708,1/22/2025
709,Cora,cbellochjo@mapquest.com,709,2/5/2027
710,Myriam,mfelipjp@blogtalkradio.com,710,1/23/2025
711,Stephanus,spentelojq@yolasite.com,711,8/9/2026
712,Kennith,kriseamjr@techcrunch.com,712,7/22/2025
713,Elicia,ebasilijs@mozilla.org,713,12/31/2026
714,Wilona,wniesingjt@aboutads.info,714,8/19/2024
715,Thorpe,tlahiveju@cloudflare.com,715,8/17/2026
716,Bartlett,bmcgreiljv@stumbleupon.com,716,7/14/2026
717,Fiona,fburchelljw@fastcompany.com,717,2/27/2025
718,Justine,jverzeyjx@flavors.me,718,3/19/2025
719,Mahalia,mpuseyjy@npr.org,719,8/3/2026
720,Nicko,nchippingjz@rambler.ru,720,1/23/2027
721,Roxine,reiversk0@bravesites.com,721,10/11/2024
722,Philippine,pdespenserk1@surveymonkey.com,722,11/27/2026
723,Caz,cmckintyk2@icq.com,723,12/3/2024
724,Samuel,slaunchburyk3@state.tx.us,724,12/11/2025
725,L;urette,llampetk4@bizjournals.com,725,5/22/2026
726,Mariska,mstowerk5@tamu.edu,726,10/26/2026
727,William,wprendergrassk6@boston.com,727,11/22/2024
728,Lisle,lvawtonk7@state.tx.us,728,9/16/2024
729,Carey,cannandk8@booking.com,729,3/21/2026
730,Darci,dvearsk9@flickr.com,730,11/11/2026
731,Tull,tcotherillka@networkadvertising.org,731,9/19/2024
732,Ruthi,rwaddinghamkb@flickr.com,732,4/17/2025
733,Alexis,aenneverkc@bloglines.com,733,9/15/2026
734,Alon,aduinbletonkd@deviantart.com,734,3/4/2026
735,Jermaine,jsokillke@deviantart.com,735,6/9/2025
736,Bogart,btomlettkf@imgur.com,736,10/27/2026
737,Loren,leschkg@shutterfly.com,737,12/25/2024
738,Barbee,bchansonkh@is.gd,738,2/14/2026
739,Germain,ghuguetki@oracle.com,739,10/5/2024
740,Glori,gbusekj@sina.com.cn,740,8/18/2024
741,Morgan,mantonatkk@tuttocitta.it,741,11/2/2026
742,Dexter,dcaretkl@clickbank.net,742,6/12/2025
743,Zedekiah,zlemankm@businessinsider.com,743,4/25/2025
744,Brandy,btewkesburykn@gov.uk,744,9/16/2024
745,Pryce,psimkovichko@domainmarket.com,745,12/26/2024
746,Reinaldo,rcolebournekp@51.la,746,7/27/2025
747,Shannon,smapstonkq@guardian.co.uk,747,1/28/2027
748,Rowan,rbuxceykr@blogger.com,748,9/19/2025
749,Jonell,jsellyks@posterous.com,749,7/9/2025
750,Rudolfo,rtestrokt@g.co,750,9/15/2026
751,Say,sbrosemanku@de.vu,751,5/2/2025
752,Marlon,mdemezakv@aboutads.info,752,11/4/2025
753,Catrina,cbruntkw@theguardian.com,753,9/24/2026
754,Beitris,bburnipkx@noaa.gov,754,7/27/2026
755,Goldi,gyeardsleyky@prweb.com,755,3/23/2025
756,Randy,rantaokz@soundcloud.com,756,9/17/2026
757,Aeriela,apapierzl0@msu.edu,757,7/11/2024
758,Rianon,rgainsefordl1@spiegel.de,758,7/19/2025
759,Ichabod,isamsworthl2@lulu.com,759,1/30/2027
760,Elena,eduggonl3@nytimes.com,760,8/2/2025
761,Tonnie,ttatfordl4@ehow.com,761,4/22/2025
762,Sibylle,sclaremontl5@prlog.org,762,10/24/2025
763,Alys,agentnerl6@gizmodo.com,763,7/20/2024
764,Nicky,ntelezhkinl7@mail.ru,764,5/17/2026
765,Dalli,dbrislanel8@cdc.gov,765,11/15/2025
766,Hollyanne,heavesl9@ibm.com,766,11/8/2024
767,Ashley,acarrolla@google.ca,767,7/9/2025
768,Kasey,kchenelb@ihg.com,768,10/11/2024
769,Marnie,mpontainlc@pen.io,769,11/4/2025
770,Pete,prubinld@umich.edu,770,12/19/2025
771,Wilona,wchawkleyle@webs.com,771,2/5/2026
772,Terrijo,teveslf@weebly.com,772,7/20/2025
773,Jo-anne,jwinwoodlg@tripod.com,773,2/4/2026
774,Arielle,anorquaylh@bbb.org,774,10/2/2025
775,Vere,vhumberstoneli@bloomberg.com,775,1/31/2026
776,Lowell,lbaldazzilj@sphinn.com,776,1/23/2025
777,Adel,abatchellorlk@prlog.org,777,2/22/2026
778,Fran,fhalworthll@bandcamp.com,778,4/9/2025
779,Madelina,moreheadlm@skyrock.com,779,12/17/2025
780,Annelise,arevansln@instagram.com,780,9/3/2026
781,Bordy,blemarylo@weibo.com,781,7/11/2026
782,Rayner,rmargramlp@mozilla.com,782,9/12/2025
783,Noel,nstyleslq@jiathis.com,783,1/17/2025
784,Lotty,lniscolr@geocities.com,784,12/28/2024
785,Joycelin,jmcwhinniels@posterous.com,785,11/12/2024
786,Oliviero,ostandevenlt@prnewswire.com,786,8/12/2026
787,Alix,aizatsonlu@mozilla.com,787,8/17/2025
788,Alexandr,alupsonlv@4shared.com,788,11/12/2026
789,Stanislas,sbrandsmalw@hhs.gov,789,12/16/2026
790,Arielle,atarlinglx@wisc.edu,790,10/1/2024
791,Colet,cgrinaughly@list-manage.com,791,5/22/2025
792,Louisette,lcouvelz@mediafire.com,792,7/28/2026
793,Jareb,jdossettorm0@msu.edu,793,1/23/2026
794,Kate,kclewlowem1@pbs.org,794,7/5/2024
795,Kerby,krallingm2@narod.ru,795,7/15/2025
796,Olivero,obinyonm3@intel.com,796,1/16/2027
797,Mariel,mgroundwatorm4@myspace.com,797,10/11/2025
798,Coralyn,cmarquetm5@va.gov,798,2/14/2026
799,Jaymie,jheinekem6@techcrunch.com,799,2/26/2027
800,Lothaire,lpawlickim7@163.com,800,2/13/2025
801,Chandler,cgerrenm8@multiply.com,801,11/29/2026
802,Emyle,eswabeym9@auda.org.au,802,2/22/2027
803,Callean,cyessonma@dailymail.co.uk,803,8/23/2025
804,Anallise,acottemmb@hp.com,804,8/23/2025
805,Orella,ojoddinsmc@sourceforge.net,805,5/16/2025
806,Daloris,dkibblemd@youku.com,806,9/15/2026
807,Sheilakathryn,saustingme@discovery.com,807,12/10/2024
808,Cinda,cbohlinmf@cbc.ca,808,5/9/2025
809,Brew,bcereceresmg@ucsd.edu,809,2/1/2027
810,David,ddavidofmh@meetup.com,810,10/13/2026
811,Magnum,mdaveymi@xrea.com,811,9/12/2026
812,Winny,wrobertotmj@wired.com,812,8/13/2025
813,Biddy,bespinelmk@shop-pro.jp,813,2/7/2026
814,Aleen,abennerml@webs.com,814,1/31/2026
815,Winslow,wcrewemm@oaic.gov.au,815,12/24/2026
816,Wyatt,wsyalvestermn@answers.com,816,2/8/2026
817,Denny,dcuncarrmo@digg.com,817,2/11/2027
818,Hasheem,hocullinanemp@usa.gov,818,8/10/2026
819,Chastity,cbrounfieldmq@epa.gov,819,5/3/2026
820,Jenni,jpendergastmr@ebay.com,820,8/13/2025
821,Haywood,hmeralims@hp.com,821,8/8/2026
822,Hazlett,hbessommt@sbwire.com,822,9/2/2024
823,Ameline,aroystonmu@sciencedirect.com,823,5/3/2026
824,Fayette,ffoundmv@unicef.org,824,6/11/2025
825,Dyann,dlippmw@reddit.com,825,9/3/2024
826,Emlyn,escranneymx@go.com,826,9/16/2026
827,Christi,ccromartymy@pagesperso-orange.fr,827,5/22/2025
828,Consolata,cpoyntermz@dropbox.com,828,10/29/2026
829,Joelle,jmcaviyn0@plala.or.jp,829,9/17/2024
830,Pryce,pkarlolakn1@samsung.com,830,4/17/2025
831,Morna,mmogran2@wikia.com,831,10/31/2024
832,Tom,tkermittn3@europa.eu,832,10/26/2024
833,Kamila,kferraretton4@mit.edu,833,7/23/2026
834,Barris,brobertn5@ed.gov,834,2/17/2025
835,Merwyn,mopyn6@yellowpages.com,835,7/30/2026
836,Josefa,jpladenn7@ustream.tv,836,9/26/2026
837,Alastair,aclovern8@cdbaby.com,837,7/20/2026
838,Arnaldo,apetrillon9@typepad.com,838,5/12/2026
839,Rosalynd,rauthersna@hexun.com,839,1/1/2025
840,Bendix,bleesnb@npr.org,840,10/15/2025
841,Violette,vpillansnc@google.pl,841,6/25/2024
842,Nollie,nbatistellind@icio.us,842,10/4/2025
843,Devonna,dsearstonne@netscape.com,843,6/21/2026
844,Claire,coshaughnessynf@delicious.com,844,8/4/2025
845,Ellwood,echaplingng@mapquest.com,845,3/8/2025
846,Vernice,vlujannh@icq.com,846,8/26/2026
847,Chalmers,cstubbleyni@pcworld.com,847,7/8/2026
848,Felic,frentelllnj@de.vu,848,4/23/2025
849,Gisele,gblacknk@businesswire.com,849,11/26/2026
850,Liane,lpalleskenl@unblog.fr,850,6/2/2025
851,Yvon,ynuttingnm@usda.gov,851,9/14/2025
852,Nickola,ntesdalenn@sakura.ne.jp,852,1/5/2026
853,Germain,gmcquiltyno@gov.uk,853,11/27/2024
854,Elbertina,ehowlingnp@google.com.hk,854,4/4/2026
855,Dalenna,dtyrrellnq@spotify.com,855,6/2/2026
856,Winslow,wweymontnr@etsy.com,856,7/12/2024
857,Mureil,mgoldstrawns@hubpages.com,857,8/12/2024
858,Fallon,fmckinneynt@ca.gov,858,6/14/2025
859,Ermentrude,ebenchnu@blinklist.com,859,4/23/2025
860,Lolly,lmountfortnv@rediff.com,860,8/18/2025
861,Lukas,lwysomenw@shutterfly.com,861,9/27/2026
862,Torry,trafenx@admin.ch,862,9/23/2026
863,Marti,mommanneyny@de.vu,863,9/24/2024
864,Shantee,sfrankcomnz@reddit.com,864,1/5/2026
865,Elihu,ecausbyo0@pinterest.com,865,3/10/2026
866,Myrle,mbalmadiero1@usgs.gov,866,10/18/2024
867,Henrik,hleppingwello2@theatlantic.com,867,6/30/2024
868,Barrett,bmusketto3@posterous.com,868,6/18/2025
869,Phyllys,pstrangero4@free.fr,869,8/3/2026
870,Dori,dlemerchanto5@gizmodo.com,870,1/8/2025
871,Marleah,mhuyhtono6@acquirethisname.com,871,12/21/2024
872,Maddi,mdenniso7@issuu.com,872,5/30/2025
873,Ekaterina,ewalstero8@hao123.com,873,8/14/2026
874,Penni,pcaswello9@naver.com,874,7/29/2026
875,Amberly,akeadyoa@symantec.com,875,12/20/2024
876,Josy,jbibeyob@phoca.cz,876,11/19/2026
877,Cassey,cwinramoc@archive.org,877,6/3/2026
878,Basilio,btoughod@twitpic.com,878,8/6/2025
879,Jorey,jfaldoeoe@hhs.gov,879,2/2/2026
880,Aland,amckerrowof@prlog.org,880,9/22/2026
881,Dela,dcoldmanog@archive.org,881,3/6/2025
882,Sylvester,squantrelloh@weebly.com,882,8/26/2024
883,Marabel,meneasoi@npr.org,883,6/14/2026
884,Claudianus,cwaddilowoj@cdc.gov,884,10/1/2026
885,Darbee,dgartonok@flickr.com,885,11/26/2024
886,Bibbie,bgrzegorekol@myspace.com,886,5/8/2025
887,Ade,atutinom@storify.com,887,11/28/2026
888,Steven,ssawkinson@skype.com,888,10/12/2025
889,Taber,tskevingtonoo@imgur.com,889,2/18/2026
890,Ivor,ibenoiop@europa.eu,890,11/29/2025
891,Larissa,lwhanneloq@google.es,891,1/16/2027
892,Gusti,gmarusyakor@surveymonkey.com,892,4/29/2026
893,Lorrayne,lclimaros@shareasale.com,893,7/12/2026
894,Sophie,sserjeantsonot@vk.com,894,12/17/2024
895,Collie,ccaulwellou@rambler.ru,895,1/22/2025
896,Phylys,pdonahueov@mozilla.org,896,1/22/2025
897,Ripley,rbrammerow@sun.com,897,9/4/2025
898,Mel,mmatthewmanox@a8.net,898,7/24/2024
899,Holly,hramirezoy@state.gov,899,3/11/2025
900,Jeremias,jbackshilloz@sbwire.com,900,3/30/2026
901,Vania,vreamsp0@indiegogo.com,901,4/3/2026
902,Briggs,bedelstonp1@live.com,902,4/26/2026
903,Olly,ouptonp2@edublogs.org,903,9/13/2026
904,Della,dterreyp3@dot.gov,904,2/5/2027
905,Lavena,lchurchinp4@europa.eu,905,10/5/2025
906,Henri,hcreanyp5@prnewswire.com,906,9/21/2025
907,Marion,mmcallenp6@123-reg.co.uk,907,5/19/2025
908,Sofia,smainzp7@google.com,908,2/24/2026
909,Agnese,ageraldip8@elegantthemes.com,909,2/13/2025
910,Raina,rhathawayp9@tamu.edu,910,2/18/2027
911,Jeniffer,jphoebepa@psu.edu,911,4/12/2026
912,Billy,bpalinpb@webmd.com,912,1/8/2026
913,Mellisent,mschabenpc@oaic.gov.au,913,2/11/2027
914,Sandra,snerhenypd@reference.com,914,8/9/2024
915,Allyn,adrysdalepe@sourceforge.net,915,4/2/2025
916,Nikola,nbealtonpf@oakley.com,916,2/13/2025
917,Chalmers,cmugepg@qq.com,917,8/22/2024
918,Fannie,fhargraveph@joomla.org,918,12/13/2024
919,Flori,ftregonnapi@umn.edu,919,5/24/2026
920,Midge,mcalbaithepj@blogtalkradio.com,920,11/9/2025
921,Ruddy,rskocroftpk@woothemes.com,921,7/12/2025
922,Joannes,jpasquepl@livejournal.com,922,12/14/2024
923,Sella,sdeleonpm@ed.gov,923,9/30/2026
924,Elke,ecazinpn@patch.com,924,11/15/2025
925,Eachelle,ebalazspo@washingtonpost.com,925,4/7/2026
926,Terri,tspinolapp@webnode.com,926,4/4/2025
927,Earvin,ebumpq@a8.net,927,7/16/2026
928,Clair,cbalaisonpr@acquirethisname.com,928,5/17/2025
929,Munmro,mbloxamps@jiathis.com,929,12/31/2024
930,Bambi,bfarnpt@scribd.com,930,12/21/2025
931,Ado,apowyspu@seattletimes.com,931,7/24/2026
932,Menard,mmerfinpv@amazon.de,932,6/28/2026
933,Owen,orudgardpw@xinhuanet.com,933,1/19/2027
934,Catherine,cdalemanpx@g.co,934,4/19/2026
935,Alonso,acrankhornpy@linkedin.com,935,8/28/2024
936,Lynnette,lmcellenpz@aboutads.info,936,2/7/2027
937,Yurik,yfransoniq0@de.vu,937,12/30/2026
938,Carolee,ckennerq1@washington.edu,938,3/26/2025
939,Morgun,mbeverstockq2@prweb.com,939,7/15/2024
940,Jeffie,jstealyq3@example.com,940,12/6/2025
941,Raoul,rfarnabyq4@craigslist.org,941,6/4/2025
942,Tansy,tcuncliffeq5@123-reg.co.uk,942,10/24/2025
943,Karee,kbraileyq6@google.pl,943,3/15/2025
944,Humfrey,hcorbieq7@nyu.edu,944,9/17/2026
945,Kenna,kbattesonq8@chronoengine.com,945,11/26/2026
946,Orazio,ofoltinq9@nasa.gov,946,8/20/2025
947,Graham,gtoffelqa@hud.gov,947,2/21/2026
948,Dehlia,dloweqb@123-reg.co.uk,948,11/10/2025
949,Gaile,ggittisqc@github.io,949,2/1/2025
950,Addia,atabourierqd@4shared.com,950,10/30/2024
951,Pennie,phiomqe@hibu.com,951,2/28/2026
952,Cristiano,ckurtisqf@google.com.hk,952,5/29/2026
953,Guenevere,gmelvinqg@flickr.com,953,8/27/2024
954,Matteo,mshiptonqh@g.co,954,11/4/2024
955,Benton,bboobyerqi@columbia.edu,955,12/2/2024
956,Hana,hpabelikqj@weibo.com,956,3/2/2026
957,Earl,ekearleqk@nbcnews.com,957,12/7/2024
958,Berkie,bherculesonql@canalblog.com,958,7/26/2025
959,Hazlett,hlesperqm@comsenz.com,959,10/31/2024
960,Jess,jpenneyqn@furl.net,960,5/25/2025
961,Jerry,jpirroneqo@biblegateway.com,961,10/31/2026
962,Jerome,jfaivreqp@mediafire.com,962,5/30/2026
963,Terri,tsibunqq@ftc.gov,963,7/3/2026
964,Lou,lsabatierqr@samsung.com,964,3/18/2026
965,Dannie,dmundellqs@taobao.com,965,10/2/2024
966,Issi,iczapleqt@vimeo.com,966,11/14/2025
967,Matthias,mhrinchishinqu@sun.com,967,8/20/2025
968,Rey,rgippsqv@nps.gov,968,1/9/2027
969,Brandice,blilbourneqw@tmall.com,969,2/14/2026
970,Essa,elongworthyqx@yelp.com,970,2/9/2025
971,Veronike,vbenianqy@cornell.edu,971,3/9/2026
972,Ty,tmachargqz@typepad.com,972,9/11/2025
973,Scarlett,skhanr0@livejournal.com,973,2/16/2027
974,Welbie,wportr1@jalbum.net,974,2/10/2027
975,Carena,cramiror2@china.com.cn,975,1/7/2027
976,Whit,whasardr3@icio.us,976,11/28/2024
977,Bentley,bpervoer4@bloglines.com,977,2/6/2026
978,Benoite,bdemariar5@zimbio.com,978,11/2/2024
979,Rudiger,rsebringr6@cargocollective.com,979,3/27/2026
980,Ned,npostansr7@trellian.com,980,7/15/2024
981,Cordula,clagadur8@tmall.com,981,6/24/2025
982,Nathan,nmchargr9@rambler.ru,982,12/11/2024
983,Marlene,mhartgillra@java.com,983,8/27/2026
984,Cathi,cclarabutrb@google.co.jp,984,5/29/2025
985,Bartolemo,bhumpheryrc@smh.com.au,985,8/4/2025
986,Adriane,acroughanrd@engadget.com,986,3/10/2025
987,Jeramey,jpurchasere@thetimes.co.uk,987,9/2/2024
988,Franklyn,ftacklerf@go.com,988,9/12/2025
989,Lainey,lknutsenrg@symantec.com,989,12/13/2026
990,Nancey,nhaffendenrh@rakuten.co.jp,990,11/30/2025
991,Gardiner,gathoweri@reverbnation.com,991,9/22/2025
992,Daniele,dtuckrj@exblog.jp,992,3/24/2026
993,Beatrix,bdefondrk@mashable.com,993,3/1/2026
994,Christy,cdougillrl@sun.com,994,2/21/2027
995,Redford,rbrocklebankrm@canalblog.com,995,3/18/2026
996,Claudia,chuntressrn@hud.gov,996,9/17/2024
997,Ginevra,gluntro@nba.com,997,12/28/2026
998,Wilfred,wlingwoodrp@yolasite.com,998,2/17/2025
999,Boony,bcockneyrq@engadget.com,999,5/3/2026
1000,Dari,dvasilechkorr@salon.com,1000,2/13/2027
